"0","library(dplyr)"
"0","library(tidyverse)"
"0","library(ggplot2)"
"0","library(lubridate)"
"0",""
"0","data <- read_csv(""2.csv"")"
"2","[1mRows: [22m[34m30861[39m [1mColumns: [22m[34m14[39m"
"2","[36m──[39m [1mColumn specification[22m [36m────────────────────────────────────────────────────────────────────────────────────────[39m
[1mDelimiter:[22m "",""
[31mchr[39m  (3): Province, Station, Category
[32mdbl[39m (11): 2005-2006, 2006-2007, 2007-2008, 2008-2009, 2009-2010, 2010-2011, 2011-2012, 2012-2013, 2013-2014,..."
"2","
[36mℹ[39m Use `spec()` to retrieve the full column specification for this data.
[36mℹ[39m Specify the column types or set `show_col_types = FALSE` to quiet this message."
"0","data <- pivot_longer(data, cols = -c(Province, Station, Category), names_to = ""Year"", values_to = ""Value"")"
"0","data <- pivot_wider(data, names_from = Category, values_from = Value)"
"0","data <- na.omit(data)"
"0",""
"0","data$Year <- sub(""-.*"", """", data$Year)"
"0","data$Year <- format(as.Date(data$Year, format = ""%Y""), ""%Y"")"
"0","data$Total_Crime <- rowSums(data[, 4:30])"
"0","data <- data[data$Total_Crime != 0,]"
