Country,Year,"Value of Consumer Prices, Food Indices (2015 = 100)"
South Africa,2000,34.21668
South Africa,2001,35.91338
South Africa,2002,40.33185
South Africa,2003,47.34495
South Africa,2004,47.96877
South Africa,2005,48.56633
South Africa,2006,50.2999
South Africa,2007,54.18074
South Africa,2008,61.33173
South Africa,2009,71.12177
South Africa,2010,72.56149
South Africa,2011,75.009
South Africa,2012,82.63947
South Africa,2013,87.53449
South Africa,2014,91.85363
South Africa,2015,97.46851
South Africa,2016,104.5231
South Africa,2017,117.6245
South Africa,2018,122.2316
South Africa,2019,125.8308
South Africa,2020,130.5819
South Africa,2021,137.4925
South Africa,2022,145.267
South Africa,2023,164.991