{"chunk_definitions":[{"row":25,"row_count":1,"visible":true,"expansion_state":0,"options":{"engine":"r","label":"unnamed-chunk-1","dev":"png"},"document_id":"C6743112","chunk_id":"ct62oclx6c4jq","chunk_label":"unnamed-chunk-1"},{"row":85,"row_count":1,"visible":true,"expansion_state":0,"options":{"engine":"r","label":"unnamed-chunk-16","dev":"png"},"document_id":"C6743112","chunk_id":"cc9hpt5d1ekq5","chunk_label":"unnamed-chunk-2"},{"row":134,"row_count":1,"visible":true,"expansion_state":0,"options":{"engine":"r","label":"unnamed-chunk-110","dev":"png"},"document_id":"C6743112","chunk_id":"cc9hpt5d1ekq5","chunk_label":"unnamed-chunk-3"},{"row":215,"row_count":1,"visible":true,"expansion_state":0,"options":{"engine":"r","label":"unnamed-chunk-48","dev":"png"},"document_id":"C6743112","chunk_id":"cp41yauan3px9","chunk_label":"unnamed-chunk-6"},{"row":233,"row_count":1,"visible":true,"expansion_state":0,"options":{"engine":"r","label":"unnamed-chunk-49","dev":"png"},"document_id":"C6743112","chunk_id":"czoqjb2n2n3z3","chunk_label":"unnamed-chunk-7"}],"doc_write_time":1715083192}