{"chunk_definitions":[{"row":191,"row_count":1,"visible":true,"expansion_state":0,"options":{"engine":"r","label":"unnamed-chunk-23","dev":"png"},"document_id":"C6743112","chunk_id":"ct62oclx6c4jq","chunk_label":"unnamed-chunk-1"},{"row":172,"row_count":1,"visible":true,"expansion_state":0,"options":{"engine":"r","label":"unnamed-chunk-24","dev":"png"},"document_id":"C6743112","chunk_id":"cnwhyzhodl89i","chunk_label":"unnamed-chunk-1"},{"row":232,"row_count":1,"visible":true,"expansion_state":0,"options":{"engine":"r","label":"unnamed-chunk-31","dev":"png"},"document_id":"C6743112","chunk_id":"cc9hpt5d1ekq5","chunk_label":"unnamed-chunk-2"},{"row":286,"row_count":1,"visible":true,"expansion_state":0,"options":{"engine":"r","label":"unnamed-chunk-32","dev":"png"},"document_id":"C6743112","chunk_id":"coyvsyv4h1e1c","chunk_label":"unnamed-chunk-2"},{"row":289,"row_count":1,"visible":true,"expansion_state":0,"options":{"engine":"r","label":"unnamed-chunk-31","dev":"png"},"document_id":"C6743112","chunk_id":"cc9hpt5d1ekq5","chunk_label":"unnamed-chunk-2"},{"row":524,"row_count":1,"visible":true,"expansion_state":0,"options":{"engine":"r","label":"unnamed-chunk-32","dev":"png"},"document_id":"C6743112","chunk_id":"coyvsyv4h1e1c","chunk_label":"unnamed-chunk-3"},{"row":307,"row_count":1,"visible":true,"expansion_state":0,"options":{"engine":"r","label":"unnamed-chunk-5","dev":"png"},"document_id":"C6743112","chunk_id":"cwh2kodehrjzy","chunk_label":"unnamed-chunk-3"},{"row":545,"row_count":1,"visible":true,"expansion_state":0,"options":{"engine":"r","label":"unnamed-chunk-33","dev":"png"},"document_id":"C6743112","chunk_id":"cdylrzsd8mcpc","chunk_label":"unnamed-chunk-4"},{"row":627,"row_count":1,"visible":true,"expansion_state":0,"options":{"engine":"r","label":"unnamed-chunk-34","dev":"png"},"document_id":"C6743112","chunk_id":"clmd63ojubsec","chunk_label":"unnamed-chunk-5"},{"row":705,"row_count":1,"visible":true,"expansion_state":0,"options":{"engine":"r","label":"unnamed-chunk-35","dev":"png"},"document_id":"C6743112","chunk_id":"cajvsgirzfxoq","chunk_label":"unnamed-chunk-7"},{"row":192,"row_count":1,"visible":true,"expansion_state":0,"options":{"engine":"r","label":"unnamed-chunk-23","dev":"png"},"document_id":"C6743112","chunk_id":"ct62oclx6c4jq","chunk_label":"unnamed-chunk-1"},{"row":672,"row_count":1,"visible":true,"expansion_state":0,"options":{"engine":"r","label":"unnamed-chunk-34","dev":"png"},"document_id":"C6743112","chunk_id":"clmd63ojubsec","chunk_label":"unnamed-chunk-6"},{"row":751,"row_count":1,"visible":true,"expansion_state":0,"options":{"engine":"r","label":"unnamed-chunk-36","dev":"png"},"document_id":"C6743112","chunk_id":"ctyu1zfs66o4h","chunk_label":"unnamed-chunk-8"},{"row":778,"row_count":1,"visible":true,"expansion_state":0,"options":{"engine":"r","label":"unnamed-chunk-37","dev":"png"},"document_id":"C6743112","chunk_id":"co9sjk5xvie10","chunk_label":"unnamed-chunk-9"}],"doc_write_time":1715260045,"chunk_rendered_width":625}