"0","inf_model <- lm(Driving_under_the_influence "
"0","                ~ "
"0","                  CPI + "
"0","                  `Alcohol CPI` "
"0","                , data = data_sum_y_econ)"
"0","# A model of the significant p valued var"
"0","summary(inf_model)"
"1","
Call:
"
"1",""
"1","lm(formula = Driving_under_the_influence ~ CPI + `Alcohol CPI`, 
    data = data_sum_y_econ)"
"1",""
"1","

"
"1",""
"1","Residuals:
"
"1","   Min "
"1","    1Q "
"1","Median "
"1","    3Q "
"1","   Max "
"1","
"
"1","-12558 "
"1"," -2419 "
"1","  2396 "
"1","  5080 "
"1","  7244 "
"1","
"
"1","
Coefficients:
"
"1","             "
"1"," Estimate"
"1"," Std. Error"
"1"," t value"
"1"," Pr(>|t|)"
"1","  "
"1","
(Intercept)  "
"1","    54108"
"1","      31840"
"1","   1.699"
"1","   0.1277"
"1","  "
"1","
CPI          "
"1","    -4352"
"1","       2046"
"1","  -2.127"
"1","   0.0661"
"1"," ."
"1","
`Alcohol CPI`"
"1","     4431"
"1","       1565"
"1","   2.832"
"1","   0.0221"
"1"," *"
"1","
"
"1","---
Signif. codes:  "
"1",""
"1","0 ‘***’ 0.001 ‘**’ 0.01 ‘*’ 0.05 ‘.’ 0.1 ‘ ’ 1"
"1","
"
"1","
Residual standard error:"
"1"," "
"1","7619"
"1"," "
"1","on"
"1"," "
"1","8"
"1"," "
"1","degrees of freedom"
"1","
"
"1","Multiple R-squared: "
"1"," "
"1","0.7726"
"1",",	Adjusted R-squared: "
"1"," "
"1","0.7158"
"1"," "
"1","
F-statistic:"
"1"," "
"1","13.59"
"1"," "
"1","on"
"1"," "
"1","2"
"1"," "
"1","and"
"1"," "
"1","8"
"1"," "
"1","DF,  p-value:"
"1"," "
"1","0.002673"
"1","
"
"1","
"
"0","#R squared = 77%"
"0","# Residual standard error: 7619 on 8 degrees of freedom"
"0","# Multiple R-squared:  0.7726,	Adjusted R-squared:  0.7158 "
"0","# F-statistic: 13.59 on 2 and 8 DF,  p-value: 0.002673"
"0","#alcohol CPI shows a correlation (p value = 0.0221 )"
"0",""
"0","#the summary suggests little/no relation between driving under the influence and CPI."
"0","#Meaning that people are not driving under hte influence more due to increased cost of living. "
"0",""
"0","ggplot(data = data_sum_y_econ, aes(x = Driving_under_the_influence, y = `Alcohol CPI`)) +"
"0","  geom_point(color = ""darkblue"", alpha = 0.7) + "
"0","  geom_smooth(method = ""lm"", color = ""orange"", fill = ""lightblue"", alpha = 0.2) + "
"0","  labs(title = ""Driving Under the Influence VS the Alcohol CPI"", "
"0","       x = ""Driving Under the Influence"", "
"0","       y = ""Alcohol CPI"") +  "
"0","  theme_minimal() +  "
"0","  theme(plot.title = element_text(size = 16, face = ""bold""),  "
"0","        axis.text = element_text(size = 12),  "
"0","        axis.title = element_text(size = 14, face = ""bold""))"
