"0","#Creating a classification model, using numbers 1 and 0 for high crime and low crime respectively, I then trained the data through randomforest to show a confusion matrix"
"0","crime_summary_per_year$Crime_Label <-"
"0","  ifelse(crime_summary_per_year$Crime_Category == ""High Crime"", 1, 0)"
"0",""
"0","features <- crime_summary_per_year |>"
"0","  select(-c(Province, Total_Crimes, Crime_Category, Crime_Label))"
"2","Adding missing grouping variables: `Province`"
"0","target <- crime_summary_per_year$Crime_Label"
"0",""
"0","set.seed(123)"
"0",""
"0","train_index <- createDataPartition(target, p = 0.7, list = FALSE)"
"0","train_data <- features[train_index,]"
"0","train_target <- target[train_index]"
"0","train_target <- factor(train_target, levels = c(0, 1), labels = c(""Low Crime"", ""High Crime""))"
"0","test_data <- features[-train_index,]"
"0","test_target <- target[-train_index]"
"0",""
"0","model <-"
"0","  randomForest("
"0","	x = train_data,"
"0","	y = train_target,"
"0","	type = ""classification"","
"0","	ntree = 500,"
"0","	mtry = 1"
"0","  )"
"0",""
"0","print(model)"
"1","
Call:
"
"1"," "
"1","randomForest(x = train_data, y = train_target, ntree = 500, mtry = 1, "
"1"," "
"1","    type = ""classification"")"
"1"," "
"1","
"
"1","               Type of random forest: "
"1",""
"1","classification"
"1",""
"1","
"
"1","                     Number of trees: "
"1",""
"1","500"
"1",""
"1","
"
"1","No. of variables tried at each split: "
"1",""
"1","1"
"1",""
"1","

"
"1","        OOB estimate of  error rate: "
"1",""
"1","8.57"
"1",""
"1","%
"
"1","Confusion matrix:
"
"1","          "
"1"," Low Crime"
"1"," High Crime"
"1"," class.error"
"1","
Low Crime "
"1","        52"
"1","          0"
"1","   0.0000000"
"1","
High Crime"
"1","         6"
"1","         12"
"1","   0.3333333"
"1","
"
"0","#This then shows prediction, with a accuracy of 93% of whether a province will contain high or low levels of crime"
"0","model <- randomForest(train_data, train_target)"
"0",""
"0","predictions <- predict(model, test_data)"
"0",""
"0","conf_matrix <- table(predictions, test_target)"
"0","accuracy <- sum(diag(conf_matrix)) / sum(conf_matrix)"
"0",""
"0","print(""Confusion Matrix:"")"
"1","[1]"
"1"," ""Confusion Matrix:"""
"1","
"
"0","print(conf_matrix)"
"1","            test_target
"
"1","predictions "
"1","  0"
"1","  1"
"1","
  Low Crime "
"1"," 22"
"1","  2"
"1","
  High Crime"
"1","  0"
"1","  5"
"1","
"
"0","print(paste(""Accuracy:"", round(accuracy, 4)))"
"1","[1]"
"1"," ""Accuracy: 0.931"""
"1","
"
