{"chunk_definitions":[{"row":25,"row_count":1,"visible":true,"expansion_state":0,"options":{"engine":"r","label":"unnamed-chunk-129","dev":"png"},"document_id":"C6743112","chunk_id":"ct62oclx6c4jq","chunk_label":"unnamed-chunk-1"},{"row":182,"row_count":1,"visible":true,"expansion_state":0,"options":{"engine":"r","label":"unnamed-chunk-16","dev":"png"},"document_id":"C6743112","chunk_id":"cc9hpt5d1ekq5","chunk_label":"unnamed-chunk-3"},{"row":231,"row_count":1,"visible":true,"expansion_state":0,"options":{"engine":"r","label":"unnamed-chunk-131","dev":"png"},"document_id":"C6743112","chunk_id":"cc9hpt5d1ekq5","chunk_label":"unnamed-chunk-4"},{"row":270,"row_count":1,"visible":true,"expansion_state":0,"options":{"engine":"r","label":"unnamed-chunk-132","dev":"png"},"document_id":"C6743112","chunk_id":"coyvsyv4h1e1c","chunk_label":"unnamed-chunk-5"},{"row":148,"row_count":1,"visible":true,"expansion_state":0,"options":{"engine":"r","label":"unnamed-chunk-168","dev":"png"},"document_id":"C6743112","chunk_id":"cnwhyzhodl89i","chunk_label":"unnamed-chunk-2"}],"doc_write_time":1715088243,"chunk_rendered_width":678}