"0","library(dplyr)"
"0","library(tidyverse)"
"0","library(ggplot2)"
"0","library(lubridate)"
"0","library(caret)"
"0","library(randomForest)"
"2","randomForest 4.7-1.1
"
"2","Type rfNews() to see new features/changes/bug fixes.
"
"2","
Attaching package: ‘randomForest’

"
"2","The following object is masked from ‘package:ggplot2’:

    margin

"
"2","The following object is masked from ‘package:dplyr’:

    combine

"
"0","library(tidyr)"
"0","library(scales)"
"2","
Attaching package: ‘scales’

"
"2","The following object is masked from ‘package:purrr’:

    discard

"
"2","The following object is masked from ‘package:readr’:

    col_factor

"
"0","data <- read_csv(""2.csv"")"
"2","[1mRows: [22m[34m30861[39m [1mColumns: [22m[34m14[39m"
"2","[36m──[39m [1mColumn specification[22m [36m───────────────────────────────────────────────────────────────────────────────[39m
[1mDelimiter:[22m "",""
[31mchr[39m  (3): Province, Station, Category
[32mdbl[39m (11): 2005-2006, 2006-2007, 2007-2008, 2008-2009, 2009-2010, 2010-2011, 2011-2012, 2012-2013, 2..."
"2","
[36mℹ[39m Use `spec()` to retrieve the full column specification for this data.
[36mℹ[39m Specify the column types or set `show_col_types = FALSE` to quiet this message."
"0","data <- pivot_longer(data, cols = -c(Province, Station, Category), names_to = ""Year"", values_to = ""Value"")"
"0","data <- pivot_wider(data, names_from = Category, values_from = Value)"
"0","data <- na.omit(data)"
"0",""
"0","data$Year <- sub(""-.*"", """", data$Year)"
"0","data$Year <- format(as.Date(data$Year, format = ""%Y""), ""%Y"")"
"0","data$Total_Crime <- rowSums(data[, 4:30])"
"0","data <- data[data$Total_Crime != 0,]"
"0",""
"0","#https://www.macrotrends.net/global-metrics/countries/ZAF/south-africa/gdp-per-capita"
"0","gdp <- read_csv(""gdp.csv"")"
"2","New names:"
"2","[1mRows: [22m[34m63[39m [1mColumns: [22m[34m4[39m"
"2","[36m──[39m [1mColumn specification[22m [36m───────────────────────────────────────────────────────────────────────────────[39m
[1mDelimiter:[22m "",""
[31mchr[39m (1): date
[32mdbl[39m (2): GDP Per Capita (US $), Annual Growth Rate (%)
[33mlgl[39m (1): ...4"
"2","
[36mℹ[39m Use `spec()` to retrieve the full column specification for this data.
[36mℹ[39m Specify the column types or set `show_col_types = FALSE` to quiet this message."
"0","sa_pop <- read_csv(""population.csv"")"
"2","[1mRows: [22m[34m75[39m [1mColumns: [22m[34m3[39m"
"2","[36m──[39m [1mColumn specification[22m [36m───────────────────────────────────────────────────────────────────────────────[39m
[1mDelimiter:[22m "",""
[31mchr[39m (1): Pop Growth Rate
[32mdbl[39m (1): Year
[32mnum[39m (1): Population"
"2","
[36mℹ[39m Use `spec()` to retrieve the full column specification for this data.
[36mℹ[39m Specify the column types or set `show_col_types = FALSE` to quiet this message."
"0","cpi <- read_csv(""alcohol_cpi.csv"")"
"2","[1mRows: [22m[34m21[39m [1mColumns: [22m[34m3[39m"
"2","[36m──[39m [1mColumn specification[22m [36m───────────────────────────────────────────────────────────────────────────────[39m
[1mDelimiter:[22m "",""
[32mdbl[39m (3): Year, Alcohol CPI, CPI"
"2","
[36mℹ[39m Use `spec()` to retrieve the full column specification for this data.
[36mℹ[39m Specify the column types or set `show_col_types = FALSE` to quiet this message."
"0","data_prov_sum <- data |>"
"0","group_by(Year, Province) |>"
"0","summarise("
"0","  All_theft_not_mentioned_elsewhere = sum(`All theft not mentioned elsewhere`),"
"0","  Theft_out_of_or_from_motor_vehicle = sum(`Theft out of or from motor vehicle`),"
"0","  Drug_related_crime = sum(`Drug-related crime`),"
"0","  Robbery_with_circumstances = sum(`Robbery with aggravating circumstances`),"
"0","  Common_assault = sum(`Common assault`),"
"0","  Commercial_crime = sum(`Commercial crime`),"
"0","  Burglary_at_residential_premises = sum(`Burglary at residential premises`),"
"0","  Assault_with_intent = sum(`Assault with the intent to inflict grievous bodily harm`),"
"0","  Theft_of_motor_vehicle_and_motorcycle = sum(`Theft of motor vehicle and motorcycle`),"
"0","  Shoplifting = sum(`Shoplifting`),"
"0","  Malicious_damage_to_property = sum(`Malicious damage to property`),"
"0","  Common_robbery = sum(`Common robbery`),"
"0","  Burglary_at_non_residential_premises = sum(`Burglary at non-residential premises`),"
"0","  Sexual_Offences = sum(`Sexual Offences`),"
"0","  Driving_under_the_influence = sum(`Driving under the influence of alcohol or drugs`),"
"0","  Stock_theft = sum(`Stock-theft`),"
"0","  Attempted_murder = sum(`Attempted murder`),"
"0","  Carjacking = sum(`Carjacking`),"
"0","  Robbery_at_non_residential = sum(`Robbery at non-residential premises`),"
"0","  Robbery_at_residential = sum(`Robbery at residential premises`),"
"0","  Murder = sum(`Murder`),"
"0","  Illegal_possession_of_firearms = sum(`Illegal possession of firearms and ammunition`),"
"0","  Arson = sum(`Arson`),"
"0","  Truck_hijacking = sum(`Truck hijacking`),"
"0","  Robbery_of_cash_in_transit = sum(`Robbery of cash in transit`),"
"0","  Bank_robbery = sum(`Bank robbery`),"
"0","  Sexual_offences_as_result_of_police_action = sum(`Sexual offences as result of police action`),"
"0","  Total_Crime = sum(`Total_Crime`),"
"0","  .groups = ""drop"""
"0",") |> "
"0","    mutate(Total_Theft = rowSums(select(cur_data(), c("
"0","    All_theft_not_mentioned_elsewhere,"
"0","    Theft_out_of_or_from_motor_vehicle,"
"0","    Robbery_with_circumstances,"
"0","    Burglary_at_residential_premises,"
"0","    Theft_of_motor_vehicle_and_motorcycle,"
"0","    Shoplifting,"
"0","    Common_robbery,"
"0","    Burglary_at_non_residential_premises,"
"0","    Stock_theft,"
"0","    Carjacking,"
"0","    Robbery_at_non_residential,"
"0","    Robbery_at_residential,"
"0","    Truck_hijacking,"
"0","    Robbery_of_cash_in_transit,"
"0","    Bank_robbery"
"0","  ))))"
"0",""
"0","data_year_sum <- data |>"
"0","group_by(Year) |>"
"0","summarise("
"0","  All_theft_not_mentioned_elsewhere = sum(`All theft not mentioned elsewhere`),"
"0","  Theft_out_of_or_from_motor_vehicle = sum(`Theft out of or from motor vehicle`),"
"0","  Drug_related_crime = sum(`Drug-related crime`),"
"0","  Robbery_with_circumstances = sum(`Robbery with aggravating circumstances`),"
"0","  Common_assault = sum(`Common assault`),"
"0","  Commercial_crime = sum(`Commercial crime`),"
"0","  Burglary_at_residential_premises = sum(`Burglary at residential premises`),"
"0","  Assault_with_intent = sum(`Assault with the intent to inflict grievous bodily harm`),"
"0","  Theft_of_motor_vehicle_and_motorcycle = sum(`Theft of motor vehicle and motorcycle`),"
"0","  Shoplifting = sum(`Shoplifting`),"
"0","  Malicious_damage_to_property = sum(`Malicious damage to property`),"
"0","  Common_robbery = sum(`Common robbery`),"
"0","  Burglary_at_non_residential_premises = sum(`Burglary at non-residential premises`),"
"0","  Sexual_Offences = sum(`Sexual Offences`),"
"0","  Driving_under_the_influence = sum(`Driving under the influence of alcohol or drugs`),"
"0","  Stock_theft = sum(`Stock-theft`),"
"0","  Attempted_murder = sum(`Attempted murder`),"
"0","  Carjacking = sum(`Carjacking`),"
"0","  Robbery_at_non_residential = sum(`Robbery at non-residential premises`),"
"0","  Robbery_at_residential = sum(`Robbery at residential premises`),"
"0","  Murder = sum(`Murder`),"
"0","  Illegal_possession_of_firearms = sum(`Illegal possession of firearms and ammunition`),"
"0","  Arson = sum(`Arson`),"
"0","  Truck_hijacking = sum(`Truck hijacking`),"
"0","  Robbery_of_cash_in_transit = sum(`Robbery of cash in transit`),"
"0","  Bank_robbery = sum(`Bank robbery`),"
"0","  Sexual_offences_as_result_of_police_action = sum(`Sexual offences as result of police action`),"
"0","  Total_Crime = sum(`Total_Crime`)"
"0",") |> "
"0","    mutate(Total_Theft = rowSums(select(cur_data(), c("
"0","    All_theft_not_mentioned_elsewhere,"
"0","    Theft_out_of_or_from_motor_vehicle,"
"0","    Robbery_with_circumstances,"
"0","    Burglary_at_residential_premises,"
"0","    Theft_of_motor_vehicle_and_motorcycle,"
"0","    Shoplifting,"
"0","    Common_robbery,"
"0","    Burglary_at_non_residential_premises,"
"0","    Stock_theft,"
"0","    Carjacking,"
"0","    Robbery_at_non_residential,"
"0","    Robbery_at_residential,"
"0","    Truck_hijacking,"
"0","    Robbery_of_cash_in_transit,"
"0","    Bank_robbery"
"0","  ))))"
"0",""
"0","gdp <- gdp |> "
"0","  mutate(date = dmy(date)) |> "
"0","  mutate(Year = year(date))"
"0",""
"0","data_prov_sum$Year <- as.numeric(data_prov_sum$Year)"
"0",""
"0","sa_pop$Year <- as.numeric(sa_pop$Year)"
"0","influence_data <- inner_join(gdp, sa_pop, by = ""Year"")"
"0","influence_data <- select(influence_data, -4)"
"0",""
"0","data_sum_econ <- inner_join(influence_data, data_prov_sum, by = ""Year"")"
"2","Warning: Each row in `x` is expected to match at most 1 row in `y`."
"0","data_sum_econ <- data_sum_econ |> "
"0","  rename("
"0","    GDP_Per_Cap = `GDP Per Capita (US $)`,"
"0","    Growth_Rate = `Annual Growth Rate (%)`"
"0","  )"
"0","data_sum_econ <- inner_join(data_sum_econ, cpi, by = ""Year"")"
"0","#this is now a data set with ALL Crime summarised by year, province + population and gdp"
"0",""
"0","data_year_sum$Year <- as.numeric(data_year_sum$Year)"
"0","data_sum_y_econ <- inner_join(data_year_sum, influence_data, by = ""Year"")"
"0","data_sum_y_econ <- data_sum_y_econ |> "
"0","  rename("
"0","    GDP_Per_Cap = `GDP Per Capita (US $)`,"
"0","    Growth_Rate = `Annual Growth Rate (%)`"
"0","  )"
"0","data_sum_y_econ <- inner_join(data_sum_y_econ, cpi, by = ""Year"")"
"0","#this data is all crime summarised by year + population and gdp"
"0",""
"0","data$Year <- as.numeric(data$Year)"
"0","data_unsum_econ <- inner_join(data,influence_data, by = ""Year"")"
"0","data_unsum_econ <- data_unsum_econ |> "
"0","  rename("
"0","    GDP_Per_Cap = `GDP Per Capita (US $)`,"
"0","    Growth_Rate = `Annual Growth Rate (%)`"
"0","  )"
"0","data_unsum_econ <- inner_join(data_unsum_econ, cpi, by = ""Year"")"
"0","#this data is all crime (unsummarised) + population and gdp"
"0",""
"0","#Grouping data by Province and Year in a new Dataset"
"0","crime_summary_per_year <- data |>"
"0","  group_by(Province, Year) |>"
"0","  summarise(Total_Crimes = sum(Total_Crime, na.rm = TRUE))"
"2","`summarise()` has grouped output by 'Province'. You can override using the `.groups` argument."
"0","#Creating a Large List for each years data"
"0","years <- 2005:2015"
"0","yearly_data_frames <- list()"
"0","for (year in years) {"
"0","  year_data <- subset(data, Year == year)"
"0","  yearly_data_frames[[as.character(year)]] <- year_data"
"0","}"
