"0",""
"0","#This bar graph shows the mistakes the prediction model made, compared to the actual data"
"0","prediction_df <- data.frame(Actual = test_target, Predicted = predictions)"
"0",""
"0","plot1 <- ggplot(prediction_df, aes(x = Actual, fill = Predicted)) +"
"0","  geom_bar() +"
"0","  labs(title = ""Model Prediction vs. Actual Crime Category"","
"0","   	x = ""Actual Category"","
"0","   	fill = ""Predicted Category"") +"
"0","  theme_minimal()"
"0",""
"0","plot1 +"
"0","  theme(axis.text.x = element_blank())"
"0",""
