{"chunk_definitions":[{"row":25,"row_count":1,"visible":true,"expansion_state":0,"options":{"engine":"r","label":"unnamed-chunk-15","dev":"png"},"document_id":"C6743112","chunk_id":"ct62oclx6c4jq","chunk_label":"unnamed-chunk-1"},{"row":85,"row_count":1,"visible":true,"expansion_state":0,"options":{"engine":"r","label":"unnamed-chunk-16","dev":"png"},"document_id":"C6743112","chunk_id":"cc9hpt5d1ekq5","chunk_label":"unnamed-chunk-2"},{"row":111,"row_count":1,"visible":true,"expansion_state":0,"options":{"engine":"r","label":"unnamed-chunk-3","dev":"png"},"document_id":"C6743112","chunk_id":"ckmksbm79vq2s","chunk_label":"unnamed-chunk-3"},{"row":136,"row_count":1,"visible":true,"expansion_state":0,"options":{"engine":"r","label":"unnamed-chunk-17","dev":"png"},"document_id":"C6743112","chunk_id":"c3b6zq89y5thg","chunk_label":"unnamed-chunk-4"},{"row":241,"row_count":1,"visible":true,"expansion_state":0,"options":{"engine":"r","label":"unnamed-chunk-19","dev":"png"},"document_id":"C6743112","chunk_id":"c9d92g700572x","chunk_label":"unnamed-chunk-6"},{"row":223,"row_count":1,"visible":true,"expansion_state":0,"options":{"engine":"r","label":"unnamed-chunk-18","dev":"png"},"document_id":"C6743112","chunk_id":"c668h6smhiys0","chunk_label":"unnamed-chunk-5"},{"row":192,"row_count":1,"visible":true,"expansion_state":0,"options":{"engine":"r","label":"unnamed-chunk-16","dev":"png"},"document_id":"C6743112","chunk_id":"cc9hpt5d1ekq5","chunk_label":"unnamed-chunk-4"}],"doc_write_time":1715078192,"chunk_rendered_width":678}